Player Name,Franchise,Batting Style,Bowling Style,Base Price ,Rating,Image URL
Shivam Dube,Chennai Super Kings,LHB,Right-arm Medium,,,
Jamie Overton,Chennai Super Kings,RHB,Right-arm Fast,,,
Ramakrishna Ghosh,Chennai Super Kings,RHB,Right-arm Medium,,,
Prashant Veer,Chennai Super Kings,LHB,Left-arm Slow Orthodox,,,
Aman Khan,Chennai Super Kings,RHB,Right-arm Medium,,,
Zak Foulkes,Chennai Super Kings,RHB,Right-arm Fast Medium,,,
Shreyas Gopal,Chennai Super Kings,RHB,Right-arm Leg Spin,,,
Anshul Kamboj,Chennai Super Kings,RHB,Right-arm Medium,,,
Gurjapneet Singh,Chennai Super Kings,RHB,Left-arm Medium,,,
Matthew Short,Chennai Super Kings,RHB,Right-arm Off Spin,,,
Axar Patel,Delhi Capitals,LHB,Left-arm Slow Orthodox,,,
Madhav Tiwari,Delhi Capitals,RHB,Right-arm Medium Fast,,,
Tripurana Vijay,Delhi Capitals,RHB,Right-arm Off break,,,
Vipraj Nigam,Delhi Capitals,RHB,Right-arm Leg Spin,,,
Ajay Mandal,Delhi Capitals,LHB,Left-arm Slow Orthodox,,,
Auqib Dar,Delhi Capitals,RHB,Right-arm Fast Medium,,,
Nitish Rana,Delhi Capitals,LHB,Right-arm Off Spin,,,
Rahul Tewatia,Gujarat Titans,LHB,Right-arm Leg Spin,,,
Washington Sundar,Gujarat Titans,LHB,Right-arm Off Spin,,,
Jason Holder,Gujarat Titans,RHB,Right-arm Fast Medium,,,
Jayant Yadav,Gujarat Titans,RHB,Right-arm Off Spin,,,
Nishant Sindhu,Gujarat Titans,LHB,Left-arm Slow Orthodox,,,
Arshad Khan,Gujarat Titans,LHB,Left-arm Medium,,,
Gurnoor Singh Brar,Gujarat Titans,LHB,Right-arm Fast Medium,,,
Sunil Narine,Kolkata Knight Riders,LHB,Right-arm Off Spin,,,
Cameron Green,Kolkata Knight Riders,RHB,Right-arm Fast,,,
Ramandeep Singh,Kolkata Knight Riders,RHB,Right-arm Medium,,,
Anukul Roy,Kolkata Knight Riders,LHB,Left-arm Slow Orthodox,,,
Daksh Kamra,Kolkata Knight Riders,RHB,Right-arm Off break,,,
Mitchell Marsh,Lucknow Super Giants,RHB,Right-arm Fast Medium,,,
Wanindu Hasaranga,Lucknow Super Giants,RHB,Right-arm Leg Spin,,,
Shahbaz Ahamad,Lucknow Super Giants,LHB,Left-arm Slow Orthodox,,,
Arshin Kulkarni,Lucknow Super Giants,RHB,Right-arm Medium Fast,,,
Ayush Badoni,Lucknow Super Giants,RHB,Right-arm Off Spin,,,
Digvesh Rathi,Lucknow Super Giants,RHB,Right-arm Off Spin,,,
Hardik Pandya,Mumbai Indians,RHB,Right-arm Fast Medium,,,
Mitchell Santner,Mumbai Indians,LHB,Left-arm Slow Orthodox,,,
Corbin Bosch,Mumbai Indians,RHB,Right-arm Fast Medium,,,
Shardul Thakur,Mumbai Indians,RHB,Right-arm Fast Medium,,,
Will Jacks,Mumbai Indians,RHB,Right-arm Off Spin,,,
Naman Dhir,Mumbai Indians,RHB,Right-arm Off Spin,,,
Raj Bawa,Mumbai Indians,LHB,Right-arm Fast Medium,,,
Atharva Ankolekar,Mumbai Indians,LHB,Left-arm Slow Orthodox,,,
Mayank Rawat,Mumbai Indians,RHB,Right-arm Off Spin,,,
Marcus Stoinis,Punjab Kings,RHB,Right-arm Medium,,,
Marco Jansen,Punjab Kings,RHB,Left-arm Fast Medium,,,
Cooper Connolly,Punjab Kings,LHB,Left-arm Slow Orthodox,,,
Mitchell Owen,Punjab Kings,RHB,Right-arm Fast Medium,,,
Musheer Khan,Punjab Kings,RHB,Left-arm Slow Orthodox,,,
Sam Curran,Rajasthan Royals,LHB,Left-arm Fast Medium,,,
Ravindra Jadeja,Rajasthan Royals,LHB,Left-arm Slow Orthodox,,,
Riyan Parag,Rajasthan Royals,RHB,Right-arm Leg break/Off break,,,
Brijesh Sharma,Rajasthan Royals,RHB,Right-arm Medium,,,
Donovan Ferreira,Rajasthan Royals,RHB,Right-arm Off Spin,,,
Yudhvir Singh Charak,Rajasthan Royals,RHB,Right-arm Medium Fast,,,
Krunal Pandya,Royal Challengers Bengaluru,LHB,Left-arm Slow Orthodox,,,
Venkatesh Iyer,Royal Challengers Bengaluru,LHB,Right-arm Medium,,,
Swapnil Singh,Royal Challengers Bengaluru,RHB,Left-arm Slow Orthodox,,,
Tim David,Royal Challengers Bengaluru,RHB,Right-arm Off Spin,,,
Romario Shepherd,Royal Challengers Bengaluru,RHB,Right-arm Fast Medium,,,
Jacob Bethell,Royal Challengers Bengaluru,LHB,Left-arm Slow Orthodox,,,
Satvik Deswal,Royal Challengers Bengaluru,RHB,Right-arm Off Spin,,,
Mangesh Yadav,Royal Challengers Bengaluru,LHB,Left-arm Fast,,,
Vicky Ostwal,Royal Challengers Bengaluru,RHB,Left-arm Slow Orthodox,,,
Vihaan Malhotra,Royal Challengers Bengaluru,RHB,Right-arm Leg Spin,,,
Kanishk Chouhan,Royal Challengers Bengaluru,RHB,Right-arm Off Spin,,,
Abhishek Sharma,Sunrisers Hyderabad,LHB,Left-arm Slow Orthodox,,,
Nitish Kumar Reddy,Sunrisers Hyderabad,RHB,Right-arm Medium Fast,,,
Kamindu Mendis,Sunrisers Hyderabad,LHB,Ambidextrous Spin,,,
Jack Edwards,Sunrisers Hyderabad,RHB,Right-arm Fast Medium,,,
Brydon Carse,Sunrisers Hyderabad,RHB,Right-arm Fast,,,
Harsh Dubey,Sunrisers Hyderabad,LHB,Left-arm Slow Orthodox,,,
Shivang Kumar,Sunrisers Hyderabad,RHB,Left-arm Slow Unorthodox,,,
Zeeshan Ansari,Sunrisers Hyderabad,RHB,Right-arm Leg Spin,,,
Praful Hinge,Sunrisers Hyderabad,RHB,Right-arm Fast Medium,,,
